<?xml version="1.0"?>
<books><book><judul>Ada gula gak ada semut</judul><penulis>Wiro Sableng</penulis><isbn>21800449</isbn><harga>11.02</harga><diskon>0.15</diskon></book><book><judul>Bukan pesan biasa</judul><penulis>Jaka Sembung</penulis><isbn>21800450</isbn><harga>14.28</harga><diskon>0.14</diskon></book><book><judul>Celana di jemuran ASPA, merah berbunga</judul><penulis>Saras 008</penulis><isbn>21800451</isbn><harga>7.85</harga><diskon>0.09</diskon></book><book><judul>Di mana ada PHP, aman!</judul><penulis>Arman Maulagi</penulis><isbn>21800452</isbn><harga>18.99</harga><diskon>0.12</diskon></book></books>
